name,team
IncomprehensibleWhiskya asdasdasdds,
UmeharaKunasdasdasdasdasdasdasd,
dasd,
Sfondi,Skibidi
IncomprehensibleWhiskyasasdasd,IXANT
MayuriBestGirl,
IncomprehensibleWhiskyasdsadasdasd,
IncomprehensibleWhisky,IXANT
RogerSumatera,
IncomprehensibleWhiskya,IXANT
daigo,
robthehobbop,
AAAA,
punk,Team Alpha
DustinWong,NVIDIA
Lil Nus Nus,Team Beast
IncomprehensibleWhiskyasdsadasdasd | Bar,
as,
IncomprehensibleWhiskyandMarriage,Team Beast
Badadsadasdzxcdcasd,Team Beast
aaa,
RRR,
Incomprehensible Whisky,Team Beast
Incomprehensible,Team Beast
MJ,Team Beast
tokido,Rohto Z!
Lupin,Hearts
IncomprehensibleWhiskyasdasdasd,IXANT
Pr,
Klaust,
UmeharaKun,
D,
dddd,
viru,
IncomprehensibleWhiskyas,IXANT
ddd,
GragasFor2XKO,
Tolet,DD
daigo umehara,Team Beast
UmeharaKunasdasda,
